{"max_idx": 16, "max": 4.010704565915763, "min_idx": 12, "min": -5.156600308334561, "diff": 9.167304874250323}