{"max_idx": 3, "max": 11.459155902616464, "min_idx": 11, "min": -1.145895742418844, "diff": 12.605051645035308}