{"max": 11.459155902616464, "min": -1.145895742418844, "diff": 12.605051645035308}