{"max": 14.896902673401405, "min": -8.59434707911953, "diff": 23.491249752520936}