{"max_idx": 15, "max": 9.740282517223996, "min_idx": 2, "min": -5.7295581034653935, "diff": 15.46984062068939}