{"max_idx": 4, "max": 5.729577951308232, "min_idx": 1, "min": -9.167304874250334, "diff": 14.896882825558567}