{"max": 6.875493541569878, "min": -4.583642513203756, "diff": 11.459136054773634}