{"max": 0.0, "min": -3.437726922942119, "diff": 3.437726922942119}