{"max": 2.291831180523293, "min": -5.7295581034653935, "diff": 8.021389283988686}