{"max_idx": 0, "max": 2.291831180523293, "min_idx": 5, "min": -5.7295581034653935, "diff": 8.021389283988686}