{"max": 2.864788975654116, "min": -2.291811332680453, "diff": 5.1566003083345695}