{"max": 4.583662361046586, "min": -6.875473693727031, "diff": 11.459136054773616}