{"max": 12.605071492878112, "min": -8.59434707911953, "diff": 21.19941857199764}