{"max": 5.729577951308232, "min": -8.021389283988697, "diff": 13.75096723529693}