{"max": 21.199438419840458, "min": -16.042798415820215, "diff": 37.24223683566068}