{"max_idx": 17, "max": 6.302535746439056, "min_idx": 13, "min": -5.156600308334561, "diff": 11.459136054773616}