{"max_idx": 3, "max": 8.021409131831525, "min_idx": 7, "min": -2.291811332680453, "diff": 10.313220464511978}