{"max": 8.594366926962348, "min": -2.8647691278112575, "diff": 11.459136054773605}