{"max_idx": 10, "max": 0.0, "min_idx": 7, "min": -5.7295581034653935, "diff": 5.7295581034653935}