{"max_idx": 5, "max": 13.750987083139757, "min_idx": 1, "min": -10.886178259642804, "diff": 24.63716534278256}