{"max_idx": 9, "max": 2.864788975654116, "min_idx": 0, "min": -4.583642513203756, "diff": 7.448431488857873}