{
    "avg_mse": 9.088881902434574,
    "avg_rmse": 2.9666141567473114,
    "fold01": {
        "mse": 5.2419262639288835,
        "rmse": 2.2895253359438685,
        "pred_label_pairs": [
            [
                6.884587471569215,
                9.167304874250323
            ],
            [
                12.580671541225538,
                13.750967235296919
            ],
            [
                13.703668619557408,
                13.750967235296919
            ],
            [
                16.442790481465025,
                18.907587391474323
            ],
            [
                35.68722284771983,
                38.38815242592232
            ],
            [
                13.272957317383227,
                11.459136054773646
            ],
            [
                11.098485486613274,
                12.60505164503529
            ],
            [
                12.219386977530421,
                13.178009440166097
            ],
            [
                21.88413709649702,
                24.637165342782556
            ],
            [
                8.69013098323044,
                6.302515898596226
            ],
            [
                13.10646633372229,
                12.03209384990443
            ],
            [
                8.110859571472616,
                5.729558103465392
            ],
            [
                17.334177125702233,
                16.615756210951016
            ],
            [
                20.85671357456067,
                20.62646077686678
            ],
            [
                5.06715993768027,
                4.010684718072922
            ],
            [
                11.183074604719533,
                7.448431488857863
            ],
            [
                12.144539203284483,
                11.459155902616464
            ],
            [
                8.979548216437403,
                4.010704565915763
            ],
            [
                8.984519313492703,
                6.302535746439056
            ],
            [
                14.098222180926012,
                10.886178259642804
            ]
        ]
    },
    "fold02": {
        "mse": 9.048232512011246,
        "rmse": 3.0080280105097503,
        "pred_label_pairs": [
            [
                12.555686709241632,
                8.021389283988704
            ],
            [
                8.482151642962272,
                5.1566003083345695
            ],
            [
                12.278150510054626,
                16.042798415820194
            ],
            [
                12.320112630994245,
                10.313220464511978
            ],
            [
                15.056678294604984,
                18.334629596343497
            ],
            [
                23.497011990688307,
                25.210123137913392
            ],
            [
                25.60447198173762,
                28.074912113567528
            ],
            [
                8.555730923013291,
                9.167304874250323
            ],
            [
                11.797927593473846,
                8.021389283988686
            ],
            [
                14.742671446571048,
                21.199418571997604
            ],
            [
                15.518512634392795,
                14.896882825558556
            ],
            [
                14.635326486027836,
                16.615756210951062
            ],
            [
                11.101452350033998,
                12.605051645035308
            ],
            [
                8.292576327453983,
                9.167324722093172
            ],
            [
                10.618167740501478,
                11.459136054773646
            ],
            [
                19.856114766815896,
                17.188714006081845
            ],
            [
                18.862222351062428,
                16.615756210951044
            ],
            [
                21.48950328040567,
                22.345334162259277
            ],
            [
                20.415081226790463,
                17.7616718012127
            ],
            [
                28.693197930085983,
                23.491249752520936
            ]
        ]
    },
    "fold03": {
        "mse": 12.976486931363592,
        "rmse": 3.602289123788316,
        "pred_label_pairs": [
            [
                20.883151529290497,
                15.46984062068939
            ],
            [
                11.980090873072202,
                13.178009440166106
            ],
            [
                9.517080262135998,
                5.1566003083345695
            ],
            [
                16.724610489922096,
                14.896882825558567
            ],
            [
                15.394195507535748,
                11.459136054773616
            ],
            [
                21.2648814104924,
                21.19941857199764
            ],
            [
                13.647590205150665,
                13.75096723529693
            ],
            [
                37.36434164747061,
                37.24223683566068
            ],
            [
                13.76383020642735,
                11.459136054773616
            ],
            [
                11.389559120735246,
                5.156600308334561
            ],
            [
                15.20040169644133,
                16.0427984158202
            ],
            [
                10.914640272931804,
                10.313220464511978
            ],
            [
                11.114933862795136,
                11.459136054773634
            ],
            [
                11.391757587874343,
                11.459136054773605
            ],
            [
                6.597697648478993,
                5.7295581034653935
            ],
            [
                16.127640003631935,
                8.594347079119547
            ],
            [
                7.871493244131993,
                3.437726922942119
            ],
            [
                12.591711688245217,
                8.021389283988686
            ],
            [
                17.767763083743343,
                24.63716534278256
            ],
            [
                8.020371944687819,
                7.448431488857873
            ]
        ]
    }
}