{"max_idx": 10, "max": 1.1459155902616465, "min_idx": 16, "min": -4.010684718072923, "diff": 5.1566003083345695}