{"max_idx": 5, "max": 13.178029288008934, "min_idx": 13, "min": -2.8647691278112575, "diff": 16.042798415820194}