{"max": 13.178029288008934, "min": -2.8647691278112575, "diff": 16.042798415820194}