{"max": 13.750987083139757, "min": -14.323925030427773, "diff": 28.074912113567528}