{"max": 7.448451336700702, "min": -0.5729379472879828, "diff": 8.021389283988686}