{"max": 11.459155902616464, "min": -9.740262669381138, "diff": 21.199418571997604}