{"max": 9.167324722093172, "min": -7.448431488857892, "diff": 16.615756210951062}