{"max": 9.167324722093172, "min": 0.0, "diff": 9.167324722093172}