{"max_idx": 16, "max": 10.313240312354818, "min_idx": 12, "min": -6.302515898596226, "diff": 16.615756210951044}