{"max_idx": 16, "max": 16.04281826366305, "min_idx": 8, "min": -6.302515898596226, "diff": 22.345334162259277}