{"max": 16.04281826366305, "min": -6.302515898596226, "diff": 22.345334162259277}