{
    "avg_mse": 7.912704918995459,
    "avg_rmse": 2.804443083461857,
    "fold01": {
        "mse": 9.45317982981756,
        "rmse": 3.074602385645591,
        "pred_label_pairs": [
            [
                9.252737427104519,
                9.167304874250323
            ],
            [
                12.600940981361196,
                13.750967235296919
            ],
            [
                13.789440427607136,
                13.750967235296919
            ],
            [
                13.405855296271929,
                18.907587391474323
            ],
            [
                32.902112468356876,
                38.38815242592232
            ],
            [
                10.401466389360767,
                11.459136054773646
            ],
            [
                5.827440460468848,
                12.60505164503529
            ],
            [
                11.03117696055056,
                13.178009440166097
            ],
            [
                25.135348976331755,
                24.637165342782556
            ],
            [
                10.154469559814636,
                6.302515898596226
            ],
            [
                17.363373196196275,
                12.03209384990443
            ],
            [
                6.6945570947074735,
                5.729558103465392
            ],
            [
                16.31837004799678,
                16.615756210951016
            ],
            [
                18.607171134623105,
                20.62646077686678
            ],
            [
                4.178467482905514,
                4.010684718072922
            ],
            [
                9.786012343959491,
                7.448431488857863
            ],
            [
                9.974007111005157,
                11.459155902616464
            ],
            [
                6.894810557209431,
                4.010704565915763
            ],
            [
                8.692147516541606,
                6.302535746439056
            ],
            [
                13.20374572986302,
                10.886178259642804
            ]
        ]
    },
    "fold02": {
        "mse": 7.837862603535269,
        "rmse": 2.7996182960423854,
        "pred_label_pairs": [
            [
                9.42601078861128,
                8.021389283988704
            ],
            [
                4.8904078754518565,
                5.1566003083345695
            ],
            [
                10.557567801520468,
                16.042798415820194
            ],
            [
                11.847065681910209,
                10.313220464511978
            ],
            [
                16.816605880966176,
                18.334629596343497
            ],
            [
                19.1396415832599,
                25.210123137913392
            ],
            [
                23.713649369461834,
                28.074912113567528
            ],
            [
                6.431219364701043,
                9.167304874250323
            ],
            [
                10.57744962842073,
                8.021389283988686
            ],
            [
                15.320899040005049,
                21.199418571997604
            ],
            [
                15.230899344859083,
                14.896882825558556
            ],
            [
                16.814985845472414,
                16.615756210951062
            ],
            [
                10.714109760881637,
                12.605051645035308
            ],
            [
                10.469005007421144,
                9.167324722093172
            ],
            [
                9.270810000926666,
                11.459136054773646
            ],
            [
                17.84554271669051,
                17.188714006081845
            ],
            [
                15.670166739629174,
                16.615756210951044
            ],
            [
                21.13085260840924,
                22.345334162259277
            ],
            [
                19.169386203321658,
                17.7616718012127
            ],
            [
                22.764346136157503,
                23.491249752520936
            ]
        ]
    },
    "fold03": {
        "mse": 6.447072323633549,
        "rmse": 2.539108568697595,
        "pred_label_pairs": [
            [
                19.425482438703995,
                15.46984062068939
            ],
            [
                12.912656300928592,
                13.178009440166106
            ],
            [
                4.982926629741088,
                5.1566003083345695
            ],
            [
                12.96391302866813,
                14.896882825558567
            ],
            [
                10.284799928147779,
                11.459136054773616
            ],
            [
                20.53386077777792,
                21.19941857199764
            ],
            [
                12.39117007713765,
                13.75096723529693
            ],
            [
                35.56404550868053,
                37.24223683566068
            ],
            [
                11.698478331611167,
                11.459136054773616
            ],
            [
                11.140582503789002,
                5.156600308334561
            ],
            [
                17.833758079051297,
                16.0427984158202
            ],
            [
                6.2137058007230515,
                10.313220464511978
            ],
            [
                11.178918648052992,
                11.459136054773634
            ],
            [
                10.907527057798058,
                11.459136054773605
            ],
            [
                4.924689768834914,
                5.7295581034653935
            ],
            [
                10.15590657454682,
                8.594347079119547
            ],
            [
                6.233569058046506,
                3.437726922942119
            ],
            [
                10.61101830064405,
                8.021389283988686
            ],
            [
                19.35987847172602,
                24.63716534278256
            ],
            [
                8.566180045226353,
                7.448431488857873
            ]
        ]
    }
}