{"max": 1.1459155902616465, "min": -4.010684718072923, "diff": 5.1566003083345695}