{"max": 8.021409131831525, "min": -10.313220464511971, "diff": 18.334629596343497}