{"max": 12.032113697747286, "min": -5.156600308334561, "diff": 17.188714006081845}