{"max": 9.167324722093172, "min": -3.437726922942119, "diff": 12.60505164503529}