{"max": 3.437746770784939, "min": -2.291811332680453, "diff": 5.729558103465392}