{"max": 6.302535746439056, "min": 0.0, "diff": 6.302535746439056}