{"max": 8.021409131831525, "min": -2.291811332680453, "diff": 10.313220464511978}