{"max": 0.0, "min": -5.7295581034653935, "diff": 5.7295581034653935}