{"max": 13.750987083139757, "min": -10.886178259642804, "diff": 24.63716534278256}