{"max_idx": 11, "max": 5.156620156177409, "min_idx": 16, "min": -8.021389283988697, "diff": 13.178009440166106}