{"max_idx": 12, "max": 4.583662361046586, "min_idx": 3, "min": -6.875473693727031, "diff": 11.459136054773616}