{"max_idx": 0, "max": 0.0, "min_idx": 4, "min": -5.156600308334561, "diff": 5.156600308334561}