{"max": 0.0, "min": -5.156600308334561, "diff": 5.156600308334561}