{"max_idx": 16, "max": 9.167324722093172, "min_idx": 6, "min": -6.875473693727031, "diff": 16.0427984158202}