{"max_idx": 16, "max": 7.448451336700702, "min_idx": 2, "min": -1.145895742418844, "diff": 8.594347079119547}