{"max_idx": 0, "max": 0.0, "min_idx": 6, "min": -3.437726922942119, "diff": 3.437726922942119}