{"max": 5.156620156177409, "min": -13.750967235296912, "diff": 18.907587391474323}