{"max_idx": 0, "max": 5.156620156177409, "min_idx": 15, "min": -13.750967235296912, "diff": 18.907587391474323}