{"max_idx": 15, "max": 4.010704565915763, "min_idx": 7, "min": -9.167304874250334, "diff": 13.178009440166097}