{"max_idx": 13, "max": 7.448451336700702, "min_idx": 9, "min": -17.188714006081852, "diff": 24.637165342782556}