{"max_idx": 11, "max": 9.167324722093172, "min_idx": 15, "min": -11.459136054773609, "diff": 20.62646077686678}