{"max": 11.459155902616464, "min": 0.0, "diff": 11.459155902616464}