{"max": 4.583662361046586, "min": -3.437726922942119, "diff": 8.021389283988704}