{"max_idx": 12, "max": 8.021409131831525, "min_idx": 8, "min": -10.313220464511971, "diff": 18.334629596343497}