{"max_idx": 15, "max": 17.188733853924695, "min_idx": 11, "min": -8.021389283988697, "diff": 25.210123137913392}