{"max_idx": 9, "max": 4.583662361046586, "min_idx": 15, "min": -10.313220464511971, "diff": 14.896882825558556}