{"max_idx": 15, "max": 9.167324722093172, "min_idx": 11, "min": -8.59434707911953, "diff": 17.7616718012127}