{"max_idx": 16, "max": 8.021409131831525, "min_idx": 11, "min": -5.7295581034653935, "diff": 13.750967235296919}