{"max": 25.783100780887047, "min": -12.605051645035275, "diff": 38.38815242592232}