{"max_idx": 14, "max": 9.167324722093172, "min_idx": 6, "min": -2.8647691278112575, "diff": 12.03209384990443}