{"max": 6.875493541569878, "min": -9.740262669381138, "diff": 16.615756210951016}