{"max_idx": 1, "max": 1.7188733853924696, "min_idx": 6, "min": -5.7295581034653935, "diff": 7.448431488857863}