{"max": 4.010704565915763, "min": 0.0, "diff": 4.010704565915763}