{"max": 8.021409131831525, "min": -5.7295581034653935, "diff": 13.750967235296919}