{"max": 4.583662361046586, "min": -9.167304874250334, "diff": 13.750967235296919}