{"max_idx": 14, "max": 25.783100780887047, "min_idx": 5, "min": -12.605051645035275, "diff": 38.38815242592232}