{"max": 2.864788975654116, "min": -8.59434707911953, "diff": 11.459136054773646}