{"max": 4.010704565915763, "min": -9.167304874250334, "diff": 13.178009440166097}