{"max": 0.0, "min": -6.302515898596226, "diff": 6.302515898596226}