{"max": 1.7188733853924696, "min": -2.291811332680453, "diff": 4.010684718072922}