{"max": 1.7188733853924696, "min": -5.7295581034653935, "diff": 7.448431488857863}